,word0,word1,word2
0,عبر,الايميل,التالي
1,حاليا,لايوجد,مراكز
2,مراكز,فيإحدى,الدول
3,ثم,الاتثال,بالجامعة
4,تصفح,الرابط,التالي
5,طريق,الايميل,مع
6,منسق,الطلاب,لبرنامج
7,طريق,الايميل,مع
8,منسق,البرنامجالذي,بالتسجيل
9,طريق,الايميل,مع
10,طريق,الايميل,مع
11,تصفح,الرابط,التالي
12,تصفح,الرابطين,التاليين
13,طريق,الايميل,لمنسق
14,تصفح,الرابط,التالي
15,تصفح,الرابطين,التاليين
16,شهادة,توفل,لا
17,طريق,الايميل,على
18,يتم,تدقسق,الطلب
19,بسبب,الشغط,الشديد
20,هذا,الايميل,مرة
21,التسجيل,مشروحة,بالتفصيل
22,تصفح,الرابط,التالي
23,الشهادة,الإعداية,لذا
24,يرجى,الامنتظار,فقد
25,نقص,يالأوراق,أو
26,منسق,تقنات,الويب
27,طريق,الايميل,لمنسق
28,تصفح,الرابط,التالي
29,تصفح,الرابطين,التاليين
30,طريق,الايميل,لمنسق
31,,بغمكانك,القدوم
32,تصفح,الرابط,التالي
33,تصفح,الرابط,التالي
34,على,الرابط,التالي
35,تصفح,الرابط,التالي
36,تصفح,الرابط,السابق
37,على,الرابط,التالي
38,تصفح,الرابط,السابق
39,تصفح,الرابط,التالي
40,تصفح,الرابط,التالي
41,طريق,الايميل,لإعلامك
42,تصفح,الرابط,التالي
43,المفاضلة,المبلة,بالشهر
44,البرنامج,الذس,بالتسجيل
45,تصفح,الرابط,التالي
46,متابعة,المةقع,لمعرفة
47,المواعيد,بالتفصبل,
48,إرسال,الايميل,للمنسق
49,تصفح,الرابط,التالي
50,على,الرابط,السابق
51,على,الرابط,التالي
52,تصفح,الرابط,التالي
53,تصفح,الرابط,السابق
54,طريق,الايميلات,
55,غير,متوجب,عليك
56,هذه,الماجستيرات,ليست
57,وعند,التسديل,والقبول
58,الايميل,ولا,يوجد
59,إحضار,الوثبقة,من
60,تصفح,الرابط,السابق
61,قبل,البدأ,يالدراسة
62,البدأ,يالدراسة,
63,يجب,عليكي,تعديل
64,,لايوجد,لدينا
65,ببرنامج,الجقوق,الاعلام
66,حاليا,لايوجد,يمكنك
67,,بمكنك,الاستفادة
68,انتهى,التسحيل,في
69,لمعرفة,اانتائج,
70,,عليكي,احضار
71,اجل,الباسوورد,يمكنك
72,يجب,عليكي,التقدم
73,الجامعة,عليكي,الانتظار
74,زيارة,مو,قع
75,مو,قع,الجامعة
76,,عليكي,احضار
77,شهادة,الايلتس,ولكن
78,ترغب,يتقديم,القبول
79,على,الرابط,التالي
80,تكن,مفعلة,يجب
81,تصفح,الرابط,التالي
82,تصفح,الرابط,التالي
83,على,الرابط,التالي
84,القبول,في,الرابط
85,على,الرابط,التالي
86,على,الرابط,التالي
87,التسجيل,ببيرنامج,الحقوق
88,الاطلاع,على,الرابط
89,الرابط,التالي,
90,في,الرابط,التالي
91,من,ايميلك,ومن
92,على,الرابط,التالي
93,طريق,الايميل,لمنسق
94,مراجعة,الايميل,الخاص
95,بالسنة,الثالة,ولكن
96,على,الرابط,التالي
97,على,الرابط,التالي
98,على,الرابط,التالي
99,على,الرابط,التالي
100,فؤاد,سزكين,وأسكنه
101,من,الرابط,التالي
102,على,الممفاضلة,المقبلة
103,على,المفاضة,المقبلة
104,شهادة,الايلتس,لم
105,إرسال,للإجاية,عن
106,خلال,الرابط,التالي
107,خلال,الرابط,التالي
108,خلال,الرابط,التالي
109,خلال,الرابط,التالي
110,خلال,الرابط,التالي
111,خلال,الرابط,التالي
112,,الزملاؤ,الأعزاء
113,التسجيل,بيرنامج,الدبلوم
114,على,الرابط,التالي
115,المقبلة,يالشهر,العاشر
116,شهادة,الايلتس,الحاصل
117,خلال,الرابط,التالي
118,الموقع,الداسة,تتم
119,عبر,الايميل,ويتم
120,وتعديل,الايميل,من
121,على,الرابط,التالي
122,خلال,الرابط,التالي
123,التسجيل,مفوح,حاليا
124,الجامعي,المكوجود,على
125,على,الرابط,التالي
126,على,الرابط,التالي
127,على,الرابط,التالي
128,خلال,الرابط,التالي
129,إلى,حسلبك,الجامعي
130,على,الرابط,التالي
131,الايميل,الموجود,ضمن
132,أن,مهعدك,غير
133,عن,طؤيق,الموقع
134,على,الايميل,الموجود
135,,الباسوورد,يرجى
136,على,الرابط,التالي
137,على,الرابط,التالي
138,اختصاص,ميكاترونيكس,بالجامعة
139,طريق,الايميل,جميع
140,طريق,الايميل,للعنوان
141,خلال,الرابط,التالي
142,البرنامج,الخاث,بك
143,طريق,الايميل,لمنسق
144,طريق,الايميل,لمنسق
145,على,الرابط,التالي
146,في,الرابط,خلال
147,الذي,يالتسجيل,عليه
148,طريق,الايميل,لمنسق
149,طريق,الايميل,لمنسق
150,طريق,الايميل,لمنسق
151,الشخصي,والايميل,الخاص
152,على,الرابط,التالي
153,خلال,الرابط,التالي
154,التسجيل,علىالمفاضلة,المقبلة
155,متابعة,التقوبم,الجامعي
156,يتم,تنويل,ومواضيع
157,على,النفاضلة,المقبلة
158,خلال,الرابط,التالي
159,مع,ثسم,الطلاب
160,مع,ثسم,الطلاب
161,,بجال,هناك
162,مع,ثسم,الطلاب
163,مع,ثسم,الطلاب
164,مع,ثسم,الطلاب
165,مع,ثسم,الطلاب
166,مع,ثسم,الطلاب
167,مع,ثسم,الطلاب
168,مع,ثسم,الطلاب
169,مع,ثسم,الطلاب
170,طريق,الايميل,جميع
171,على,الايميلات,
172,طريق,الايميل,لمنسق
173,خلال,الرابط,التالي
174,خلال,الرابط,التالي
175,ضرورة,إحضارالأوراق,المطلوبة
176,طريق,الايميل,
177,بالإعلان,يجي,متابعة
178,خلال,الرابط,التالي
179,التي,بقرائتها,على
180,الثالث,التجيل,يتم
181,حولها,مراطز,الجامعة
182,الرئيسي,يوزارة,التعليم
183,طريق,الايميل,جميع
184,في,الرابط,التالي
185,ضمن,صفخة,اتصل
186,يوجد,تختصاص,علم
187,على,الرابط,التالي
188,يتم,الفبول,حسب
189,في,ألمانبا,لمزيد
190,على,الرابط,التالي
191,على,الرابط,التالي
192,على,الرابط,التالي
193,في,إدلب,يوجد
194,فقرة,توضيحية,لإجرائية
195,ويمكنك,الواصل,مع
196,هذه,الماجستيرات,ليست
197,على,الماضلة,التي
198,على,الرابط,التالي
199,على,الرابط,التالي
200,شهادة,الايلتس,1اكثر
201,الإجرائية,المشروحة,في
202,في,الرابط,التالي
203,على,الراط,التالي
204,على,الرابط,التالي
205,خلال,الرابط,التالي
206,المقبل,يرجىى,المتابعة
207,على,الرابط,التالي
208,لمعرفة,الموعدعند,تحديده
209,الدخول,على,الرابط
210,يرجى,المتابة,
211,على,الرابط,التالي
212,حيث,الإعلانن,عن
213,مواد,لمؤكز,الجامعة
214,على,الرابط,التالي
215,يجب,متالعة,الموقع
216,على,إجرئية,الدفع
217,بالحسكة,والقامشلي,يرجى
218,خلال,الرابط,التالي
219,التفاصيل,مشروحة,بوضوح
220,على,الرابط,اعلاه
221,على,الرابط,التالي
222,التواصل,يهذا,الخصوص
223,على,الرابط,التالي
224,على,الرابط,التالي
225,في,الرابط,التالي
226,على,الرابط,التالي
227,شهادة,التوفل,والايلتس
228,التوفل,والايلتس,الذين
229,على,الرابط,التالي
230,شهادة,البورد,
231,رقم,المعرف,
232,في,الايميل,السابق
233,تكون,مععدلات,القبول
234,,إمااذا,كنت
235,عبر,الايميل,لمنسق
236,على,الرابط,التالي
237,الدفع,بالنفصيل,من
238,في,الرابط,التالي
239,خلال,الرابط,التالي
240,على,غجرائية,التسجيل
241,على,الرابط,التالي
242,على,الايميل,الموجود
243,على,الرابط,التالي
244,على,الرابط,التالي
245,الجامعي,والايميل,بشكل
246,المفاضلة,المقبة,بالشهر
247,على,الرابط,التالي
248,طريق,الايميل,
249,طريق,الايميل,لمنسق
250,طريق,الايميل,لمنسق
251,طريق,الايميل,لمنسق
252,بعد,التسيل,والقبول
253,على,الرابط,التالي
254,على,الرابط,التالي
255,الذي,يناسبك,
256,على,العناون,التالي
257,طريق,الايميل,لمنسق
258,طريق,الايميل,لنسق
259,والروابط,مفعلة,يرجى
260,على,النفاضلة,المقبلة
261,مابعة,الموقع,لمعرفة
262,على,الرابط,التالي
263,طريق,الايميل,لمنسق
264,طريق,الايميل,لمنسق
265,الصورة,المطلوية,لمنسق
266,طريق,الايميل,
267,المقبلة,بالهشر,العاشر
268,بحال,تخرجتي,من
269,على,الإازة,في
270,طريق,الايميل,لمنسق
271,على,الرابط,التالي
272,طريق,الايميل,
273,وبحال,انتقلتي,لسوريا
274,على,الرابط,التالي
275,خلال,تسبيم,الأوراق
276,,الايميل,الرسمي
277,وبالنسبة,لايميل,التفويض
278,على,الرابط,التالي
279,على,الرابط,التالي
280,والمعدلات,الطلوبة,
281,خلال,الرابط,التالي
282,الآن,لايوجد,بهذا
283,إلى,المرك,بدمشق
284,على,الرابط,
285,من,جامعةة,إلى
286,يتم,الاإعلان,عن
287,خلال,الرابط,التالي
288,الامتحانات,أماداخل,فيكون
289,على,الرابط,التالي
290,على,الرابط,التالي
291,تفعيل,الرابط,عند
292,على,الرابط,التالي
293,الأوراق,المطوبة,للتعديل
294,لمعرفة,المزاعيد,بدقة
295,على,الرابط,التالي
296,التاسع,للتم,المعادلة
297,للمعادلة,بالرابط,التالي
298,على,الرابط,التالي
299,الأوراق,المطوبة,للتعديل
300,على,الرابط,التالي
301,,الزملء,الاعزاء
302,يتم,الكترنيا,عن
303,على,الرابط,التالي
304,على,الرابط,التالي
305,العاشر,التسجيا,يتم
306,على,الرابط,التالي
307,على,الرابط,التالي
308,على,الرابط,التالي
309,على,الرابط,التالي
310,المعادلة,يب,إحضار
311,على,الرابط,التالي
312,بنا,التسجل,يتم
313,على,الرابط,التالي
314,على,الرابط,التالي
315,على,الرابط,التالي
316,الذي,يناسبك,
317,سيبدأ,بهاية,الشهر
318,على,الرابط,التالي
319,المعلومات,بالايميل,السابق
320,على,الرابط,السابق
321,من,متصفح,
322,من,متصفح,
323,على,الرابط,التالي
324,يوجد,كورسات,لغة
325,موجودة,والرابط,مفعل
326,والرابط,مفعل,يرجى
327,تكون,لتسطيع,التسجيل
328,بحال,ستسجيل,على
329,طريق,الايميل,لا
330,جميع,الهندسات,
331,على,الرابط,التالي
332,على,الرابط,التالي
333,,لايوجد,مشكلة
334,على,الرابط,التالي
335,على,الرابط,التالي
336,على,الرابط,التالي
337,على,العناون,التالي
338,يتم,تدقسق,الطلبات
339,حسابك,التجامعي,والتعديل
340,التسجيل,مفعل,يرجى
341,على,الرابط,التالي
342,على,الرابط,التالي
343,على,الرابط,التالي
344,التسجيل,مشروحة,على
345,على,الرابط,التالي
346,على,الرابط,التالي
347,غد,الاإثنين,
348,على,الرابط,التالي
349,الجامعة,الرابط,بالنسبة
350,إرسال,إيميل,ثاني
351,إرسال,إيميل,لمكتب
352,الجامعي,إيميل,الدعم
353,طريق,الإيميل,الموجود
354,يوجد,الإيميل,في
355,مراجعة,الايميل,الموجود
356,ملف,الإكسل,الموجود
357,للهوية,إيميل,الدعم
358,تحويل,إيميلك,لمكتب
359,خلال,الرابط,
360,بواسطة,الموبايل,بشرط
361,صورة,توضيحية,للفقرة
362,على,الرابط,التالي
363,طريق,الايميل,جميع
364,خلال,الرابط,
365,التسجيل,اتهى,الأوراق
366,من,الرابط,التالي
367,على,الرابط,التالي
368,على,المقاضلة,المقبلة
369,على,الرابط,التالي
370,على,الرابط,التالي
371,يمكن,مععرفة,المعدل
372,خلال,الرابط,
373,على,النفاضلة,المقبلة
374,على,الرابط,التالي
375,على,الرابط,التالي
376,أو,إرسالهل,عبر
377,عبر,الايميل,لمنسق
378,طريق,الايميل,نتيجة
379,على,الرابط,التالي
380,على,الرابط,التالي
381,المفاضلة,ةالمقبلة,بالشهر
382,الشهادة,إن,أردتي
383,طريق,الايميل,جميع
384,طريق,الايميل,
385,على,الرابط,التالي
386,طريق,الايميل,
387,طريق,الايميل,لمنسق
388,يرجى,غلإطلاع,على
389,على,الرابط,المتضمن
390,المتضمن,الأكسل,لجميع
391,شخصية,صورةعن,الهوية
392,حسم,للعسكرييين,بالمية
393,في,تقاتة,الاتصالات
394,للدبلوم,والماجستيرات,
395,على,الرابط,التالي
396,على,الرابط,التالي
397,على,الرابط,التالي
398,على,الرابط,التالي
399,تقوم,بلإحضار,كشف
400,على,الرابط,التالي
401,على,الرابط,التالي
402,على,الرابط,التالي
403,عبر,الايميل,وسيتم
404,إرسال,لمتلبعة,وضعك
405,على,الرابط,التالي
406,بعد,يجي,متابعة
407,على,الرابط,التالي
408,على,الرابط,التالي
409,يرجى,مابعة,الموقع
410,وليست,كورسات,
411,على,الرابط,التالي
412,على,الرابط,التالي
413,,التسيل,لم
414,على,الرابط,التالي
415,على,الرابط,التالي
416,ضمن,صقحة,اتصل
417,ضمن,صقحة,اتصل
418,ضمن,صقحة,اتصل
419,ضمن,صقحة,اتصل
420,ضمن,صقحة,اتصل
421,من,الموبايل,بشرط
422,ضمن,صقحة,اتصل
423,الترقية,بالإجازو,بتقانة
424,كبير,حاولي,مجددا
425,على,الاإشعار,المصدقة
426,ضمن,صقحة,اتصل
427,على,الرابط,التالي
428,الاختصاص,حاولي,مجددا
429,وليس,الموبايل,
430,على,الرابط,التالي
431,على,الرابط,التالي
432,خلال,الشغط,على
433,الجداول,للماجستيرات,تشمل
434,ضمن,صقحة,اتصل
435,لحين,ماودة,الأوراق
436,أن,بحاللم,يتم
437,ضمن,صقحة,اتصل
438,على,الرابط,التالي
439,التعديل,السايق,الذي
440,ضمن,صقحة,اتصل
441,ضمن,صقحة,اتصل
442,وكيفية,تفديمها,وتفاصيل
443,خلال,الرابط,
444,إلى,صفخة,الدراسة
445,ضمن,صقحة,اتصل
446,نعم,التسجيا,بدأ
447,ضمن,صقحة,اتصل
448,يتم,تدقسق,طلبك
449,ضمن,صقحة,اتصل
450,ضمن,صقحة,اتصل
451,ضمن,صقحة,اتصل
452,ضمن,صقحة,اتصل
453,ضمن,صقحة,اتصل
454,طريق,الايميل,جميع
455,ضمن,صقحة,اتصل
456,بتقديم,امتحااتك,فيه
457,ضمن,صقحة,اتصل
458,,الرنامج,إجازة
459,للتسجيل,بالماستر,هو
460,على,الرابط,التالي
461,معدل,نقريبي,لمعدلك
462,ضمن,صقحة,اتصل
463,يمكنك,التسجيا,حاليا
464,لتقديم,الامتحانت,يرجى
465,خلال,الرابط,
466,الذي,يناسبك,
467,على,الرابط,التالي
468,عبر,الايميل,وكما
469,عبر,الايميل,
470,على,الرابط,التالي
471,خلال,الرابط,لا
472,خلال,الرابط,
473,ضمن,صقحة,اتصل
474,على,الرابط,التالي
475,على,الرابط,التالي
476,ضمن,صقحة,اتصل
477,ضمن,صقحة,اتصل
478,ضمن,صقحة,اتصل
479,خلال,الرابط,
480,ضمن,صقحة,اتصل
481,ضمن,صقحة,اتصل
482,ضمن,صقحة,اتصل
483,نتيجة,النفاضلة,بالشهر
484,عبر,الايميل,
485,ضمن,صقحة,اتصل
486,ضمن,صقحة,اتصل
487,عبر,الايميل,
488,ضمن,صقحة,اتصل
489,الدفع,مشروحة,بالتفصيل
490,ضمن,صقحة,اتصل
491,ضمن,صقحة,اتصل
492,الدفع,مشروحة,بالتفصيل
493,ضمن,صقحة,اتصل
494,ضمن,صقحة,اتصل
495,على,الرابط,التالي
496,خلال,الرابط,
497,خلال,الرابط,
498,أن,المادلة,لا
499,الموقع,ولإنما,عن
500,على,الرابط,المرسل
501,ضمن,صقحة,اتصل
502,ضمن,صقحة,اتصل
503,ضمن,صقحة,اتصل
504,يرجى,النواصل,مع
505,ضمن,صقحة,اتصل
506,ضمن,صقحة,اتصل
507,خلال,الرابط,أو
508,ضمن,صقحة,اتصل
509,ضمن,صقحة,اتصل
510,ضمن,صقحة,اتصل
511,الموقع,ضمن,صقحة
512,على,الرابط,التالي
513,على,الرابط,التالي
514,لا,يمكم,تقديم
515,خلال,الرابط,أو
516,ضمن,صقحة,اتصل
517,ضمن,صقحة,اتصل
518,صورة,السهادة,إلى
519,ضمن,صقحة,اتصل
520,على,الرابط,التالي
521,على,الرابط,التالي
522,على,الرابط,التالي
523,ضمن,صقحة,اتصل
524,ضمن,صقحة,اتصل
525,ضمن,صقحة,اتصل
526,,يج,إجراء
527,على,الرابط,التالي
528,خلال,الرابط,
529,ضمن,صقحة,اتصل
530,على,الرابط,التالي
531,يرجى,التوواصل,مع
532,خلال,الرابط,التالي
533,على,الرابط,التالي
534,موضحة,ومشروحة,بالتفصيل
535,على,الرابط,التالي
536,استكمال,الإجراءت,المطلوبة
537,خلال,الرابط,أو
538,ضمن,صقحة,اتصل
539,على,الرابط,التالي
540,,لايوجد,مشكلة
541,على,الرابط,التالي
542,على,الرابط,التالي
543,ضمن,صقحة,اتصل
544,على,الرابط,التالي
545,الفصل,الثاتي,التسجيل
546,التسجيل,مفتلوح,حاليا
547,على,الرابط,التالي
548,خلال,الرابط,
549,ضمن,صقحة,اتصل
550,ضمن,صقحة,اتصل
551,ضمن,صقحة,اتصل
552,على,الرابط,التالي
553,التفاصيل,مشروحة,على
554,على,الرابط,التالي
555,ضمن,صقحة,اتصل
556,على,الموقغ,لمعرفة
557,ضمن,صقحة,اتصل
558,ضمن,صقحة,اتصل
559,على,الرابط,التالي
560,على,الرابط,التالي
561,على,الرابط,التالي
562,وليس,الموبايل,
563,على,الرابط,التالي
564,ضمن,صقحة,اتصل
565,الرابط,التالي,لمعرفة
566,ضمن,صقحة,اتصل
567,على,الرابط,التالي
568,بسبب,الكورونا,مواعيد
569,من,مدريرية,التربية
570,على,الرابط,التالي
571,على,الرابط,السابق
572,ضمن,صقحة,اتصل
573,ضمن,صقحة,اتصل
574,عبر,الايميل,
575,ضمن,صقحة,اتصل
576,ضمن,صقحة,اتصل
577,ضمن,صقحة,اتصل
578,غبر,الايميل,ضمن
579,ضمن,صقحة,اتصل
580,ضمن,صقحة,اتصل
581,ضمن,صقحة,اتصل
582,طريق,الايميل,
583,ضمن,صقحة,اتصل
584,ضمن,صقحة,اتصل
585,أو,لايميل,منسق
586,ضمن,صقحة,اتصل
587,ضمن,صقحة,اتصل
588,صقحة,اتصل,بنا
589,ضمن,صقحة,اتصل
590,طريق,الايميل,جميع
591,ضمن,صقحة,اتصل
592,ضمن,صقحة,اتصل
593,ضمن,صقحة,اتصل
594,ضمن,صقحة,اتصل
595,ضمن,صقحة,اتصل
596,الدخول,على,الرابط
597,على,الرابط,التالي
598,ضمن,صقحة,اتصل
599,ضمن,صقحة,اتصل
600,ضمن,صقحة,اتصل
601,ضمن,صقحة,اتصل
602,على,الرابط,التالي
603,ضمن,صقحة,اتصل
604,ضمن,صقحة,اتصل
605,على,الرابط,التالي
606,على,الرابط,التالي
607,ضمن,صقحة,اتصل
608,ضمن,صقحة,اتصل
609,على,الرابط,التالي
610,ضمن,صقحة,اتصل
611,ضمن,صقحة,اتصل
612,طريق,الايميل,
613,طريق,الايميل,
614,ضمن,صقحة,اتصل
615,عن,طريق,الايميل
616,طريق,الايميل,
617,طريق,الايميل,
618,طريق,الايميل,
619,طريق,الايميل,
620,طريق,الايميل,
621,طريق,الايميل,
622,طريق,الايميل,
623,طريق,الايميل,
624,طريق,الايميل,
625,طريق,الايميل,
626,على,الرابط,التالي
627,التفاصيل,مشروحة,على
628,ضمن,صقحة,اتصل
629,طريق,الايميل,
630,طريق,الايميل,
631,على,الرابط,التالي
632,ضمن,صقحة,اتصل
633,ضمن,صقحة,اتصل
634,ضمن,الرابط,المعادلة
635,طريق,الايميل,
636,طريق,الايميل,
637,على,الرابط,التالي
638,طريق,الايميل,
639,طريق,الايميل,
640,طريق,الايميل,جميع
641,ضمن,صقحة,اتصل
642,ضمن,صقحة,اتصل
643,طريق,الايميل,جميع
644,ضمن,صقحة,اتصل
645,طريق,الايميل,جميع
646,ضمن,صقحة,اتصل
647,طريق,الايميل,جميع
648,ضمن,صقحة,اتصل
649,طريق,الايميل,جميع
650,ضمن,صقحة,اتصل
651,ضمن,صقحة,اتصل
652,على,الرابط,التالي
653,طريق,الايميل,جميع
654,ضمن,صقحة,اتصل
655,طريق,الايميل,
656,طريق,الايميل,
657,الدفع,مشروحة,بالتفصيل
658,طريق,الايميل,
659,طريق,الايميل,يرجى
660,طريق,الايميل,
661,ضمن,صقحة,اتصل
662,كافة,التفاضيل,المتعلقة
663,ضمن,صقحة,اتصل
664,على,الرابط,التالي
665,طريق,الايميل,
666,ضمن,صقحة,اتصل
667,ضمن,صقحة,اتصل
668,هذا,الايميل,مخصص
669,طريق,الايميل,وجميع
670,ضمن,صقحة,اتصل
671,طريق,الايميل,
672,طريق,الايميل,
673,طريق,الايميل,يجب
674,طريق,الايميل,المراجعات
675,ضمن,صقحة,اتصل
676,طريق,الايميل,
677,طريق,الايميل,جميع
678,ضمن,صقحة,اتصل
679,طريق,الايميل,
680,على,الرابط,التالي
681,طريق,الايميل,
682,عن,طريق,الايميل
683,الدفع,مشروحة,على
684,ضمن,صقحة,اتصل
685,عبر,الايميل,
686,ضمن,صقحة,اتصل
687,عن,طريق,الايميل
688,طريق,الايميل,
689,ضمن,صقحة,اتصل
690,طريق,الايميل,
691,على,الرابط,التالي
692,ضمن,صقحة,اتصل
693,الطريقة,مشروحة,بالتفصيل
694,التفاصيل,مشروحة,على
695,ضمن,صقحة,اتصل
696,ضمن,صقحة,اتصل
697,ضمن,صقحة,اتصل
698,طريق,الايميل,جميع
699,ضمن,صقحة,اتصل
700,ضمن,صقحة,اتصل
701,ضمن,صقحة,اتصل
702,ضمن,صقحة,اتصل
703,ضمن,صقحة,اتصل
704,ضمن,صقحة,اتصل
705,طريق,الايميل,جميع
706,ضمن,صقحة,اتصل
707,طريق,الايميل,جميع
708,ضمن,صقحة,اتصل
709,ضمن,صقحة,اتصل
710,ضمن,صقحة,اتصل
711,ضمن,صقحة,اتصل
712,ضمن,صقحة,اتصل
713,ضمن,صقحة,اتصل
714,ضمن,صقحة,اتصل
715,ضمن,صقحة,اتصل
716,طريق,الايميل,جميع
717,ضمن,صقحة,اتصل
718,ضمن,صقحة,اتصل
719,على,الرابط,التالي
720,الموقع,ضمن,صقحة
721,ضمن,صقحة,اتصل
722,طريق,الايميل,جميع
723,ضمن,صقحة,اتصل
724,على,الرابط,التالي
725,طريق,الايميل,جميع
726,ضمن,صقحة,اتصل
727,طريق,الايميل,يجب
728,ضمن,صقحة,اتصل
729,ضمن,صقحة,اتصل
730,طريق,الايميل,
731,طريق,الايميل,يمكنك
732,طريق,الايميل,
733,ضمن,صقحة,اتصل
734,الأوراق,المطلوية,للمعادلة
735,ضمن,صقحة,اتصل
736,عبر,الايميل,لمنسق
737,ضمن,صقحة,اتصل
738,ضمن,صقحة,اتصل
739,ضمن,صقحة,اتصل
740,يوجد,ااختصاص,لغة
741,ضمن,صقحة,اتصل
742,على,الرابط,التالي
743,على,الرابط,التالي
744,ضمن,صقحة,اتصل
745,ضمن,صقحة,اتصل
746,طريق,الايميل,جميع
747,ضمن,صقحة,اتصل
748,عبر,الايميل,
749,طريق,الايميل,جميع
750,ضمن,صقحة,اتصل
751,ضمن,صقحة,اتصل
752,ضمن,صقحة,اتصل
753,طريق,الايميل,
754,ضمن,صقحة,اتصل
755,ضمن,صقحة,اتصل
756,ضمن,صقحة,اتصل
757,ضمن,صقحة,اتصل
758,على,الرابط,التالي
759,ضمن,صقحة,اتصل
760,ضمن,صقحة,اتصل
761,,الرابط,الذي
762,ضمن,صقحة,اتصل
763,على,الرابط,التالي
764,عبر,الايميل,لمنسق
765,ضمن,صقحة,اتصل
766,ضمن,صقحة,اتصل
767,ضمن,صقحة,اتصل
768,على,الرابط,التالي
769,ضمن,صقحة,اتصل
770,ضمن,صقحة,اتصل
771,ضمن,صقحة,اتصل
772,الثانوية,غيرمقبولة,
773,ضمن,صقحة,اتصل
774,ضمن,صقحة,اتصل
775,طريق,الايميل,جميع
776,ضمن,صقحة,اتصل
777,ضمن,صقحة,اتصل
778,ضمن,صقحة,اتصل
779,ضمن,صقحة,اتصل
780,ضمن,صقحة,اتصل
781,على,الرابط,التالي
782,ضمن,صقحة,اتصل
783,على,الرابط,التالي
784,ضمن,صقحة,اتصل
785,ضمن,صقحة,اتصل
786,ضمن,صقحة,اتصل
787,على,الرابط,التالي
788,على,الرابط,التالي
789,ضمن,صقحة,اتصل
790,ضمن,صقحة,اتصل
791,على,الرابط,التالي
792,طريق,الايميل,جميع
793,ضمن,صقحة,اتصل
794,على,الرابط,التالي
795,ضمن,صقحة,اتصل
796,لكل,الماجستيرات,في
797,ضمن,صقحة,اتصل
798,على,الرابط,التالي
799,التالي,لمعرفة,إجرائية
800,طريق,الايميل,
801,ضمن,صقحة,اتصل
802,ضمن,صقحة,اتصل
803,ضمن,صقحة,اتصل
804,ضمن,صقحة,اتصل
805,المتاح,للتسجبل,والدفع
806,ضمن,صقحة,اتصل
807,ضمن,صقحة,اتصل
808,ضمن,صقحة,اتصل
809,قبولك,ببرناج,الإجازة
810,على,الرابط,التالي
811,على,الرابط,التالي
812,ضمن,صقحة,اتصل
813,ضمن,صقحة,اتصل
814,ضمن,صقحة,اتصل
815,على,الرابط,التالي
816,حكومية,ومعترفف,عليها
817,على,الرابط,التالي
818,ضمن,صقحة,اتصل
819,ضمن,صقحة,اتصل
820,ضمن,صقحة,اتصل
821,على,الرابط,التالي
822,على,الرابط,التالي
823,على,الرابط,التالي
824,ضمن,صقحة,اتصل
825,غير,مفعل,حاليا
826,طريق,الايميل,الأوراق
827,ضمن,صقحة,اتصل
828,بحال,تمكنتي,من
829,على,الرابط,التالي
830,على,الرابط,التالي
831,على,الرابط,التالي
832,على,الرابط,التالي
833,,النفاضلة,المقبلة
834,لديك,لابتوب,
835,ضمن,صقحة,اتصل
836,طريق,الايميل,يمكنك
837,على,الرابط,التالي
838,على,الرابط,التالي
839,على,الرابط,التالي
840,على,الرابط,التالي
841,على,الرابط,التالي
842,ضمن,صقحة,اتصل
843,على,الرابط,التالي
844,الذي,يناسبك,الدوام
845,ضمن,صقحة,اتصل
846,ضمن,صقحة,اتصل
847,الموقع,ضمن,صقحة
848,ضمن,صقحة,اتصل
849,بحال,تمكنتي,من
850,على,الرابط,التالي
851,طريق,الايميل,
852,ضمن,صقحة,اتصل
853,ضمن,صقحة,اتصل
854,ضمن,صقحة,اتصل
855,ضمن,صقحة,اتصل
856,ضمن,صقحة,اتصل
857,على,الرابط,التالي
858,على,الرابط,التالي
859,طالب,بجلمعة,أخرى
860,ضمن,صقحة,اتصل
861,,التسجل,على
862,على,الرابط,التالي
863,ضمن,صقحة,اتصل
864,على,الرابط,التالي
865,على,الرابط,التالي
866,ضمن,صقحة,اتصل
867,ضمن,صقحة,اتصل
868,ضمن,صقحة,اتصل
869,على,الرابط,التالي
870,ضمن,صقحة,اتصل
871,ضمن,صقحة,اتصل
872,ضمن,صقحة,اتصل
873,على,الرابط,التالي
874,طريق,اللابتوب,
875,على,الرابط,التالي
876,والأكاديمي,الأيميلات,على
877,على,الرابط,
878,حاليا,لايوجد,مركز
879,والأكاديمي,الإيميلات,على
880,على,الرابط,
881,الإيميلات,على,الرابط
882,الرابط,مراجعة,فسم
883,والأكاديمي,الإيميلات,جميعها
884,على,الرابط,
885,على,الرابط,والتسجيل
886,الشهر,الثاث,القادم
887,على,الرابط,واذا
888,الشهر,الثالثالقادم,
889,طريق,الإيميل,بسبب
890,الإداري,والأكاديمي,الأيميلات
891,جميعها,على,الرابط
892,جميع,الإيميلات,على
893,على,الرابط,
894,امتحاني,لتقدييم,الأمتحانات
895,صفحات,السوشال,الخاصة
896,,لايوجد,تقدم
897,طريق,الأيميل,الطلبات
898,وعلى,مواقعالسوشال,الخاصة
899,الشهر,الثالثالقادم,مفاضلة
900,يعين,قبوللك,في
901,على,االرابط,طريقة
902,الشهر,الثاثل,القادم
903,على,الرابط,
904,حال,قبوللك,بعده
905,الطلاب,مرفقمع,الأوراق
906,يرجى,تحديدالمشكلة,
907,والأكاديمي,الإيميلات,على
908,على,الرابط,التالي
909,والأكاديمي,الأيميلات,جميعها
910,على,الرابط,
911,طريق,الإيميل,مبدأيا
912,,نهايةالأسبوع,القادم
